{"cameraMode":{"drawMode":0,"name":"Shaded","section":"Shading Mode"},"sceneLighting":false,"audioPlay":false,"sceneViewState":{"showFog":false,"showMaterialUpdate":false,"showSkybox":false,"showFlares":false,"showImageEffects":false,"showParticleSystems":false},"in2DMode":false,"pivot":{"x":198.8248748779297,"y":31.97174072265625,"z":-104.1309814453125},"rotation":{"x":0.30828171968460085,"y":0.02530304156243801,"z":-0.0082030538469553,"w":0.9509231448173523},"size":708.2556762695313,"orthographic":false}