{"cameraMode":{"drawMode":0,"name":"Shaded","section":"Shading Mode"},"sceneLighting":false,"audioPlay":false,"sceneViewState":{"showFog":false,"showMaterialUpdate":false,"showSkybox":false,"showFlares":false,"showImageEffects":false,"showParticleSystems":false},"in2DMode":false,"pivot":{"x":-27.48931884765625,"y":-9.178253173828125,"z":79.62661743164063},"rotation":{"x":0.1072191596031189,"y":-0.7706516981124878,"z":0.13466942310333253,"w":0.6135668754577637},"size":426.93902587890627,"orthographic":false}