{"cameraMode":{"drawMode":0,"name":"Shaded","section":"Shading Mode"},"sceneLighting":false,"audioPlay":false,"sceneViewState":{"showFog":false,"showMaterialUpdate":false,"showSkybox":false,"showFlares":false,"showImageEffects":false,"showParticleSystems":false},"in2DMode":false,"pivot":{"x":230.0654754638672,"y":-47.5537109375,"z":-174.14813232421876},"rotation":{"x":0.3767084777355194,"y":0.05654861032962799,"z":-0.02304658479988575,"w":0.924316942691803},"size":708.2556762695313,"orthographic":false}